Common_name,Ecoinvent_name,Ecoinvent_code,type
Water,Water,2404b41a-2eed-4e9d-8ab6-783946fdf5d6,biosphere
Sulfur dioxide,Sulfur dioxide,fd7aa71c-508c-480d-81a6-8052aad92646,biosphere
Water,Water,075e433b-4be4-448e-9510-9a5029c1ce94,biosphere
Tin,Tin,2a7b68ff-f12a-44c6-8b31-71ec91d29889,biosphere
"Water, cooling, unspecified natural origin","Water, cooling, unspecified natural origin",fc1c42ce-a759-49fa-b987-f1ec5e503db1,biosphere
"NMVOC, non-methane volatile organic compounds, unspecified origin","NMVOC, non-methane volatile organic compounds, unspecified origin",d3260d0e-8203-4cbb-a45a-6a13131a5108,biosphere
"Particulates, > 2.5 um, and < 10um","Particulates, > 2.5 um, and < 10um",b967e1bf-f09b-4c89-8740-ace21db47bba,biosphere
"Particulates, < 2.5 um","Particulates, < 2.5 um",21e46cb8-6233-4c99-bac3-c41d2ab99498,biosphere
"Carbon monoxide, fossil","Carbon monoxide, fossil",ba2f3f82-c93a-47a5-822a-37ec97495275,biosphere
"Particulates, > 10 um","Particulates, > 10 um",66020d27-7ae4-4e59-83a3-89214b72c40a,biosphere
"Carbon dioxide, fossil","Carbon dioxide, fossil",349b29d1-3e58-4c66-98b9-9d1a076efd2e,biosphere
Hydrogen fluoride,Hydrogen fluoride,24541c8c-9f11-49ae-9de5-456f238a3f5e,biosphere
Nitrogen oxides,Nitrogen oxides,c1b91234-6f24-417b-8309-46111d09c457,biosphere
Hydrogen chloride,Hydrogen chloride,c941d6d0-a56c-4e6c-95de-ac685635218d,biosphere
