process,flow,value,unit,input,year,comments,type,process_location,supplying_location,ecoinvent_code
"flat glass production, uncoated","flat glass production, uncoated",1.0,kilogram,False,2020,None,production,CA,RoW,092e251ff52bdd660e855e6629927533
"flat glass production, uncoated","market for refractory, fireclay, packed",0.00107,kilogram,True,2020,None,technosphere,CA,CA,0
"flat glass production, uncoated","market for wastewater, from residence",-0.00035,cubic meter,True,2020,None,technosphere,CA,CA,0
"flat glass production, uncoated","market for nitrogen, liquid",0.00495,kilogram,True,2020,None,technosphere,CA,CA,0
"flat glass production, uncoated",market for silica sand,0.578,kilogram,True,2020,None,technosphere,CA,CA,0
"flat glass production, uncoated","market for lime, packed",0.4,kilogram,True,2020,None,technosphere,CA,CA,0
"flat glass production, uncoated",market for flat glass factory,2.41e-10,unit,True,2020,None,technosphere,CA,CA,0
"flat glass production, uncoated",market for tin,9.16e-06,kilogram,True,2020,None,technosphere,CA,CA,0
"flat glass production, uncoated","market for hydrogen, liquid",3.6e-06,kilogram,True,2020,None,technosphere,CA,CA,0
"flat glass production, uncoated","market for soda ash, light, crystalline, heptahydrate",0.229,kilogram,True,2020,None,technosphere,CA,CA,0
"flat glass production, uncoated",market for municipal solid waste,-1.55180550376599e-06,kilogram,True,2020,None,technosphere,CA,CA,0
"flat glass production, uncoated",market for municipal solid waste,-3.91016133216795e-07,kilogram,True,2020,None,technosphere,CA,CA,0
"flat glass production, uncoated",market for municipal solid waste,-5.58785378207919e-07,kilogram,True,2020,None,technosphere,CA,CA,0
"flat glass production, uncoated",market for municipal solid waste,-0.00109749839298481,kilogram,True,2020,None,technosphere,CA,CA,0
"flat glass production, uncoated",market for heavy fuel oil,0.00361651905968845,kilogram,True,2020,None,technosphere,CA,CA,0
"flat glass production, uncoated",market for heavy fuel oil,0.000942151799275737,kilogram,True,2020,None,technosphere,CA,CA,0
"flat glass production, uncoated",market for heavy fuel oil,0.00278911673756821,kilogram,True,2020,None,technosphere,CA,CA,0
"flat glass production, uncoated",market for heavy fuel oil,0.000548627308813529,kilogram,True,2020,None,technosphere,CA,CA,0
"flat glass production, uncoated",market for heavy fuel oil,0.000703808110618033,kilogram,True,2020,None,technosphere,CA,CA,0
"flat glass production, uncoated",market for heavy fuel oil,0.065199776984036,kilogram,True,2020,None,technosphere,CA,CA,0
"flat glass production, uncoated","market for natural gas, high pressure",0.0015518149705294,cubic meter,True,2020,None,technosphere,CA,CA,0
"flat glass production, uncoated","market for natural gas, high pressure",0.00231881759161457,cubic meter,True,2020,None,technosphere,CA,CA,0
"flat glass production, uncoated","market for natural gas, high pressure",0.00386017555374497,cubic meter,True,2020,None,technosphere,CA,CA,0
"flat glass production, uncoated","market for natural gas, high pressure",0.0315177313135556,cubic meter,True,2020,None,technosphere,CA,CA,0
"flat glass production, uncoated","market group for natural gas, high pressure",0.0053204283862695,cubic meter,True,2020,None,technosphere,CA,CA,0
"flat glass production, uncoated","market for natural gas, high pressure",0.0723541091073629,cubic meter,True,2020,None,technosphere,CA,CA,0
"flat glass production, uncoated",Water,7.875e-05,cubic meter,False,2020,None,biosphere,CA,None,2404b41a-2eed-4e9d-8ab6-783946fdf5d6
"flat glass production, uncoated",Sulfur dioxide,0.00404,kilogram,False,2020,None,biosphere,CA,None,fd7aa71c-508c-480d-81a6-8052aad92646
"flat glass production, uncoated",Water,0.00027125,cubic meter,False,2020,None,biosphere,CA,None,075e433b-4be4-448e-9510-9a5029c1ce94
"flat glass production, uncoated",Tin,9.13e-06,kilogram,False,2020,None,biosphere,CA,None,2a7b68ff-f12a-44c6-8b31-71ec91d29889
"flat glass production, uncoated","Water, cooling, unspecified natural origin",0.0007,cubic meter,False,2020,None,biosphere,CA,None,fc1c42ce-a759-49fa-b987-f1ec5e503db1
"flat glass production, uncoated","NMVOC, non-methane volatile organic compounds, unspecified origin",5e-05,kilogram,False,2020,None,biosphere,CA,None,d3260d0e-8203-4cbb-a45a-6a13131a5108
"flat glass production, uncoated","Particulates, > 2.5 um, and < 10um",2.3e-05,kilogram,False,2020,None,biosphere,CA,None,b967e1bf-f09b-4c89-8740-ace21db47bba
"flat glass production, uncoated","Particulates, < 2.5 um",0.000184,kilogram,False,2020,None,biosphere,CA,None,21e46cb8-6233-4c99-bac3-c41d2ab99498
"flat glass production, uncoated","Carbon monoxide, fossil",5e-05,kilogram,False,2020,None,biosphere,CA,None,ba2f3f82-c93a-47a5-822a-37ec97495275
"flat glass production, uncoated","Particulates, > 10 um",2.3e-05,kilogram,False,2020,None,biosphere,CA,None,66020d27-7ae4-4e59-83a3-89214b72c40a
"flat glass production, uncoated","Carbon dioxide, fossil",0.693,kilogram,False,2020,None,biosphere,CA,None,349b29d1-3e58-4c66-98b9-9d1a076efd2e
"flat glass production, uncoated",Hydrogen fluoride,2.1e-05,kilogram,False,2020,None,biosphere,CA,None,24541c8c-9f11-49ae-9de5-456f238a3f5e
"flat glass production, uncoated",Nitrogen oxides,0.00327,kilogram,False,2020,None,biosphere,CA,None,c1b91234-6f24-417b-8309-46111d09c457
"flat glass production, uncoated",Hydrogen chloride,9.25e-05,kilogram,False,2020,None,biosphere,CA,None,c941d6d0-a56c-4e6c-95de-ac685635218d
"flat glass production, uncoated",ReEDS_State_Grid_Mix,0.00139917595164728,kilowatt hour,True,2020,None,technosphere,CA,CA,0
"flat glass production, uncoated",ReEDS_State_Grid_Mix,0.000268301733670552,kilowatt hour,True,2020,None,technosphere,CA,CA,0
"flat glass production, uncoated","market for steel, unalloyed",1.37e-05,kilogram,True,2020,None,technosphere,CA,CA,0
"flat glass production, uncoated",ReEDS_State_Grid_Mix,0.00450422830210732,kilowatt hour,True,2020,None,technosphere,CA,CA,0
"flat glass production, uncoated",ReEDS_State_Grid_Mix,0.0655099722065568,kilowatt hour,True,2020,None,technosphere,CA,CA,0
"flat glass production, uncoated",ReEDS_State_Grid_Mix,0.0092336621750354,kilowatt hour,True,2020,None,technosphere,CA,CA,0
"flat glass production, uncoated",ReEDS_State_Grid_Mix,0.0300846596309826,kilowatt hour,True,2020,None,technosphere,CA,CA,0
