Common_name,Ecoinvent_name,type
"market for refractory, fireclay, packed","market for refractory, fireclay, packed",technosphere
"market for wastewater, from residence","market for wastewater, from residence",technosphere
"market for nitrogen, liquid","market for nitrogen, liquid",technosphere
market for silica sand,market for silica sand,technosphere
"market for lime, packed","market for lime, packed",technosphere
market for flat glass factory,market for flat glass factory,technosphere
market for tin,market for tin,technosphere
"market for hydrogen, liquid","market for hydrogen, liquid",technosphere
"market for soda ash, light, crystalline, heptahydrate","market for soda ash, light, crystalline, heptahydrate",technosphere
market for municipal solid waste,market for municipal solid waste,technosphere
market for heavy fuel oil,market for heavy fuel oil,technosphere
"market for natural gas, high pressure","market for natural gas, high pressure",technosphere
"market group for natural gas, high pressure","market group for natural gas, high pressure",technosphere
ReEDS_State_Grid_Mix,ReEDS_State_Grid_Mix,technosphere
"market for steel, unalloyed","market for steel, unalloyed",technosphere
