,ReEDS_Tech,Year,Generation (MWh),Emissions (metric tons),Heat Rate (MMBtu/MWh),EmissionsType,EmissionsRate (kg/kWh),Fuel Input (kg or m3 / kWh)
0,Bioenergy_CCS,2034,32346041.689021654,-28344.83633208968,,CO2,-0.8763000000000001,
1,Bioenergy_CCS,2034,32346041.689021654,14167.56625979148,,NOX,0.00043799999999999986,
2,Bioenergy_CCS,2036,102987285.53466491,-89859.2314728759,,CO2,-0.8725274290546264,
3,Bioenergy_CCS,2036,102987285.53466491,44896.50733264631,,NOX,0.00043594223402979596,
4,Bioenergy_CCS,2038,103056224.06171069,-89918.8770864759,,CO2,-0.8725225274373718,
5,Bioenergy_CCS,2038,103056224.06171069,44926.288776330075,,NOX,0.0004359395969080717,
6,Bioenergy_CCS,2040,103073566.65947604,-89933.78651777477,,CO2,-0.8725203699886399,
7,Bioenergy_CCS,2040,103073566.65947604,44933.746093369184,,NOX,0.0004359385975437982,
8,Bioenergy_CCS,2042,103114903.64050205,-89969.09243326905,,CO2,-0.8725129855809756,
9,Bioenergy_CCS,2042,103114903.64050205,44951.39698426728,,NOX,0.0004359350142146767,
10,Bioenergy_CCS,2044,103157557.53017674,-90005.28852404699,,CO2,-0.8725030979695083,
11,Bioenergy_CCS,2044,103157557.53017674,44969.48223348935,,NOX,0.00043593007928996767,
12,Bioenergy_CCS,2046,103160082.65473188,-90007.41720404697,,CO2,-0.8725023758006691,
13,Bioenergy_CCS,2046,103160082.65473188,44970.54531092707,,NOX,0.0004359297138355317,
14,Bioenergy_CCS,2048,103176867.94505447,-90021.47488469214,,CO2,-0.8724966814522024,
15,Bioenergy_CCS,2048,103176867.94505447,44977.57834757223,,NOX,0.0004359269596313436,
16,Bioenergy_CCS,2050,103179069.32167783,-90023.30643004278,,CO2,-0.8724958174354163,
17,Bioenergy_CCS,2050,103179069.32167783,44978.49412024755,,NOX,0.00043592653447977565,
18,Coal,2010,1852818295.2055533,2009310.457741423,10.122255723,CO2,1.084461688952887,0.44498110407916297
19,Coal,2010,1852818295.2055533,1943891.3700599244,10.122255723,NOX,0.0010491538080609612,0.44498110407916297
20,Coal,2010,1852818295.2055533,2552668.604118071,10.122255723,SO2,0.0013777220414562432,0.44498110407916297
21,Coal,2012,1205939763.7695873,1282660.3942726364,10.122255723,CO2,1.0636189574371706,0.44498110407916297
22,Coal,2012,1205939763.7695873,1218251.6325710374,10.122255723,NOX,0.0010102093563636753,0.44498110407916297
23,Coal,2012,1205939763.7695873,1545714.0107347867,10.122255723,SO2,0.001281750595820073,0.44498110407916297
24,Coal,2014,1680911328.4300292,1798336.355409616,10.122255723,CO2,1.0698579544283644,0.44498110407916297
25,Coal,2014,1680911328.4300292,1709341.8295614012,10.122255723,NOX,0.00101691374235542,0.44498110407916297
26,Coal,2014,1680911328.4300292,2169927.1716607716,10.122255723,SO2,0.001290923045707285,0.44498110407916297
27,Coal,2016,936817054.388509,984037.2884854204,10.122255723,CO2,1.0504049684788601,0.44498110407916297
28,Coal,2016,936817054.388509,923327.1971389593,10.122255723,NOX,0.0009856003291289835,0.44498110407916297
29,Coal,2016,936817054.388509,1083823.0901135996,10.122255723,SO2,0.0011569207510008944,0.44498110407916297
30,Coal,2018,943150034.8976551,987109.9491837166,10.122255723,CO2,1.0466096725435965,0.44498110407916297
31,Coal,2018,943150034.8976551,911483.8437930985,10.122255723,NOX,0.000966425075615893,0.44498110407916297
32,Coal,2018,943150034.8976551,1040535.9536793306,10.122255723,SO2,0.001103256019910176,0.44498110407916297
33,Coal,2020,649971547.498644,679001.8905356086,10.122255723,CO2,1.0446640212924476,0.44498110407916297
34,Coal,2020,649971547.498644,633700.9134714345,10.122255723,NOX,0.000974967159578253,0.44498110407916297
35,Coal,2020,649971547.498644,719758.1408804912,10.122255723,SO2,0.0011073686896763627,0.44498110407916297
36,Coal,2022,959364952.4075118,1004035.5639529718,10.122255723,CO2,1.0465626886132955,0.44498110407916297
37,Coal,2022,959364952.4075118,921252.6272592477,10.122255723,NOX,0.0009602733818317817,0.44498110407916297
38,Coal,2022,959364952.4075118,1047992.0596187139,10.122255723,SO2,0.001092381014116467,0.44498110407916297
39,Coal,2024,646727432.6920758,670472.1679921718,10.122255723,CO2,1.036715212777129,0.44498110407916297
40,Coal,2024,646727432.6920758,611714.5813904888,10.122255723,NOX,0.000945861502803674,0.44498110407916297
41,Coal,2024,646727432.6920758,690404.6703830952,10.122255723,SO2,0.0010675357739337078,0.44498110407916297
42,Coal,2026,447551361.7170453,461764.16604102514,10.122255723,CO2,1.0317568117086091,0.44498110407916297
43,Coal,2026,447551361.7170453,422332.6380906572,10.122255723,NOX,0.0009436517776872901,0.44498110407916297
44,Coal,2026,447551361.7170453,484959.20671640587,10.122255723,SO2,0.001083583356457333,0.44498110407916297
45,Coal,2028,268976838.8814821,278045.54119549243,10.122255723,CO2,1.0337155509437979,0.44498110407916297
46,Coal,2028,268976838.8814821,259257.20041993813,10.122255723,NOX,0.0009638644037086527,0.44498110407916297
47,Coal,2028,268976838.8814821,303218.0208412136,10.122255723,SO2,0.001127301600026681,0.44498110407916297
48,Coal,2030,168279675.18871114,173434.9943544187,10.122255723,CO2,1.0306354237962863,0.44498110407916297
49,Coal,2030,168279675.18871114,161974.93868399254,10.122255723,NOX,0.0009625341771212217,0.44498110407916297
50,Coal,2030,168279675.18871114,192994.24970160692,10.122255723,SO2,0.0011468660697447897,0.44498110407916297
51,Coal,2032,78078699.32088424,79154.08603887426,10.122255723,CO2,1.0137731126074532,0.44498110407916297
52,Coal,2032,78078699.32088424,72792.98841764005,10.122255723,NOX,0.0009323027797694065,0.44498110407916297
53,Coal,2032,78078699.32088424,83742.43599151542,10.122255723,SO2,0.0010725388194205774,0.44498110407916297
54,Coal,2034,25666519.054888237,24539.17881225841,10.122255723,CO2,0.9560774002809266,0.44498110407916297
55,Coal,2034,25666519.054888237,21140.548065876934,10.122255723,NOX,0.0008236624538242819,0.44498110407916297
56,Coal,2034,25666519.054888237,25241.689180438774,10.122255723,SO2,0.0009834480915179437,0.44498110407916297
57,Coal-CCS,2028,10749160.34292674,1144.785576521698,10.453,CO2,0.10650000000000001,0.45952084280685684
58,Coal-CCS,2028,10749160.34292674,4794.125512945323,10.453,NOX,0.0004459999999999997,0.45952084280685684
59,Coal-CCS,2028,10749160.34292674,5396.078492149228,10.453,SO2,0.0005020000000000004,0.45952084280685684
60,Coal-CCS,2030,10749160.34292674,1144.785576521698,10.198,CO2,0.10650000000000001,0.4483108729498064
61,Coal-CCS,2030,10749160.34292674,4794.125512945323,10.198,NOX,0.0004459999999999997,0.4483108729498064
62,Coal-CCS,2030,10749160.34292674,5396.078492149228,10.198,SO2,0.0005020000000000004,0.4483108729498064
63,Coal-CCS,2032,10749160.34292674,1144.785576521698,9.944,CO2,0.10650000000000001,0.437144863758862
64,Coal-CCS,2032,10749160.34292674,4794.125512945323,9.944,NOX,0.0004459999999999997,0.437144863758862
65,Coal-CCS,2032,10749160.34292674,5396.078492149228,9.944,SO2,0.0005020000000000004,0.437144863758862
66,Coal-CCS,2034,10749160.34292674,1144.785576521698,9.747,CO2,0.10650000000000001,0.42848461253596415
67,Coal-CCS,2034,10749160.34292674,4794.125512945323,9.747,NOX,0.0004459999999999997,0.42848461253596415
68,Coal-CCS,2034,10749160.34292674,5396.078492149228,9.747,SO2,0.0005020000000000004,0.42848461253596415
69,Coal-CCS,2036,6155867.283125066,655.5998656528193,9.607,CO2,0.10649999999999996,0.42233011928111297
70,Coal-CCS,2036,6155867.283125066,2745.5168082737778,9.607,NOX,0.00044599999999999973,0.42233011928111297
71,Coal-CCS,2036,6155867.283125066,3090.2453761287848,9.607,SO2,0.0005020000000000003,0.42233011928111297
72,Coal-CCS,2038,7808429.163621239,831.597705925662,9.467,CO2,0.1065,0.4161756260262618
73,Coal-CCS,2038,7808429.163621239,3482.559406975071,9.467,NOX,0.0004459999999999998,0.4161756260262618
74,Coal-CCS,2038,7808429.163621239,3919.831440137862,9.467,SO2,0.000502,0.4161756260262618
75,Coal-CCS,2040,796201.3964060982,84.79544871724944,9.467,CO2,0.10649999999999998,0.4161756260262618
76,Coal-CCS,2040,796201.3964060982,355.1058227971203,9.467,NOX,0.00044600000000000065,0.4161756260262618
77,Coal-CCS,2040,796201.3964060982,399.69310099586187,9.467,SO2,0.0005020000000000007,0.4161756260262618
78,Coal-CCS,2042,796201.3964060991,84.79544871724954,9.467,CO2,0.10649999999999998,0.4161756260262618
79,Coal-CCS,2042,796201.3964060991,355.1058227971203,9.467,NOX,0.00044600000000000016,0.4161756260262618
80,Coal-CCS,2042,796201.3964060991,399.69310099586187,9.467,SO2,0.0005020000000000002,0.4161756260262618
81,Coal-CCS,2044,796201.396406098,84.7954487172494,9.467,CO2,0.10649999999999994,0.4161756260262618
82,Coal-CCS,2044,796201.396406098,355.1058227971197,9.467,NOX,0.00044599999999999994,0.4161756260262618
83,Coal-CCS,2044,796201.396406098,399.6931009958611,9.467,SO2,0.0005019999999999998,0.4161756260262618
84,Coal-CCS,2046,796201.3964060991,84.79544871724954,9.467,CO2,0.10649999999999998,0.4161756260262618
85,Coal-CCS,2046,796201.3964060991,355.1058227971203,9.467,NOX,0.00044600000000000016,0.4161756260262618
86,Coal-CCS,2046,796201.3964060991,399.69310099586187,9.467,SO2,0.0005020000000000002,0.4161756260262618
87,Coal-CCS,2048,796201.3964060991,84.79544871724954,9.467,CO2,0.10649999999999998,0.4161756260262618
88,Coal-CCS,2048,796201.3964060991,355.10582279712037,9.467,NOX,0.0004460000000000002,0.4161756260262618
89,Coal-CCS,2048,796201.3964060991,399.69310099586187,9.467,SO2,0.0005020000000000002,0.4161756260262618
90,Coal-CCS,2050,796201.396406099,84.7954487172496,9.467,CO2,0.10650000000000007,0.4161756260262618
91,Coal-CCS,2050,796201.396406099,355.10582279712014,9.467,NOX,0.000446,0.4161756260262618
92,Coal-CCS,2050,796201.396406099,399.693100995862,9.467,SO2,0.0005020000000000004,0.4161756260262618
93,Coal-Integrated_Gas_Combustion_Cycle,2010,3087222.042752,3068.040213705,9.325,CO2,0.9937867024848329,0.4099332114391983
94,Coal-Integrated_Gas_Combustion_Cycle,2010,3087222.042752,1365.3805258666239,9.325,NOX,0.00044226832633311385,0.4099332114391983
95,Coal-Integrated_Gas_Combustion_Cycle,2010,3087222.042752,892.350348839552,9.325,SO2,0.0002890463777733643,0.4099332114391983
96,Coal-Integrated_Gas_Combustion_Cycle,2012,2152469.6962819463,2166.539082490443,9.153666667,CO2,1.0065363922348358,0.4024012839943435
97,Coal-Integrated_Gas_Combustion_Cycle,2012,2152469.6962819463,964.284688753776,9.153666667,NOX,0.0004479899022129912,0.4024012839943435
98,Coal-Integrated_Gas_Combustion_Cycle,2012,2152469.6962819463,630.050827529588,9.153666667,SO2,0.0002927106609760416,0.4024012839943435
99,Coal-Integrated_Gas_Combustion_Cycle,2014,6946222.420032,6598.06267331284,8.982333333,CO2,0.9498778291758824,0.3948693565055279
100,Coal-Integrated_Gas_Combustion_Cycle,2014,6946222.420032,2934.715276859584,8.982333333,NOX,0.0004224908301807681,0.3948693565055279
101,Coal-Integrated_Gas_Combustion_Cycle,2014,6946222.420032,1918.005497516032,8.982333333,SO2,0.0002761220965203697,0.3948693565055279
102,Coal-Integrated_Gas_Combustion_Cycle,2016,2114000.38916,2105.363004561572,8.811,CO2,0.9959141991445611,0.38733742906067303
103,Coal-Integrated_Gas_Combustion_Cycle,2016,2114000.38916,936.63606577212,8.811,NOX,0.0004430633364946036,0.38733742906067303
104,Coal-Integrated_Gas_Combustion_Cycle,2016,2114000.38916,612.17971921876,8.811,SO2,0.0002895835414022844,0.38733742906067303
105,Coal-Integrated_Gas_Combustion_Cycle,2018,2745982.54416,2691.37832814907,8.639666667,CO2,0.9801148714047512,0.3798055016158183
106,Coal-Integrated_Gas_Combustion_Cycle,2018,2745982.54416,1197.34964833712,8.639666667,NOX,0.00043603687535580856,0.3798055016158183
107,Coal-Integrated_Gas_Combustion_Cycle,2018,2745982.54416,782.69535799376,8.639666667,SO2,0.0002850328963883445,0.3798055016158183
108,Coal-Integrated_Gas_Combustion_Cycle,2020,1263563.4708490921,1176.7906331377421,8.45,CO2,0.9313268864499222,0.37146762859637805
109,Coal-Integrated_Gas_Combustion_Cycle,2020,1263563.4708490921,523.494047018141,8.45,NOX,0.00041429976340354505,0.37146762859637805
110,Coal-Integrated_Gas_Combustion_Cycle,2020,1263563.4708490921,342.118471933779,8.45,SO2,0.000270756855374967,0.37146762859637805
111,Coal-Integrated_Gas_Combustion_Cycle,2022,2984328.340352,2902.72939844612,8.243,CO2,0.9726575186776346,0.3623677707124195
112,Coal-Integrated_Gas_Combustion_Cycle,2022,2984328.340352,1291.371067581824,8.243,NOX,0.00043271748960086186,0.3623677707124195
113,Coal-Integrated_Gas_Combustion_Cycle,2022,2984328.340352,844.200206385152,8.243,SO2,0.00028287779027879315,0.3623677707124195
114,Coal-Integrated_Gas_Combustion_Cycle,2024,2123227.824296,1977.096686770343,8.036,CO2,0.9311750082334619,0.3532679128284609
115,Coal-Integrated_Gas_Combustion_Cycle,2024,2123227.824296,879.499486149752,8.036,NOX,0.0004142275624337997,0.3532679128284609
116,Coal-Integrated_Gas_Combustion_Cycle,2024,2123227.824296,574.914400699496,8.036,SO2,0.0002707737691267873,0.3532679128284609
117,Coal-Integrated_Gas_Combustion_Cycle,2026,1187769.2910666661,1077.661317550214,7.828,CO2,0.9072985180332702,0.3441240942783962
118,Coal-Integrated_Gas_Combustion_Cycle,2026,1187769.2910666661,479.4588182090618,7.828,NOX,0.0004036632549899382,0.3441240942783962
119,Coal-Integrated_Gas_Combustion_Cycle,2026,1187769.2910666661,313.3795105767403,7.828,SO2,0.00026383870414372517,0.3441240942783962
120,Coal-Integrated_Gas_Combustion_Cycle,2028,870294.9151999999,847.11600164704,7.621,CO2,0.9733665988986812,0.33502423639443757
121,Coal-Integrated_Gas_Combustion_Cycle,2028,870294.9151999999,376.9818332256,7.621,NOX,0.0004331656162083481,0.33502423639443757
122,Coal-Integrated_Gas_Combustion_Cycle,2028,870294.9151999999,246.3386964288,7.621,SO2,0.00028305197712454706,0.33502423639443757
123,Coal-Integrated_Gas_Combustion_Cycle,2030,525122.758032,461.281637867614,7.414,CO2,0.8784262933039826,0.32592437851047895
124,Coal-Integrated_Gas_Combustion_Cycle,2030,525122.758032,205.28795114478402,7.414,NOX,0.00039093325894718536,0.32592437851047895
125,Coal-Integrated_Gas_Combustion_Cycle,2030,525122.758032,134.105319102032,7.414,SO2,0.0002553789891046007,0.32592437851047895
126,Coal-Integrated_Gas_Combustion_Cycle,2032,188164.8,176.64291216,7.414,CO2,0.9387670391061453,0.32592437851047895
127,Coal-Integrated_Gas_Combustion_Cycle,2032,188164.8,78.61188960000001,7.414,NOX,0.000417782122905028,0.32592437851047895
128,Coal-Integrated_Gas_Combustion_Cycle,2032,188164.8,51.3605808,7.414,SO2,0.00027295530726256984,0.32592437851047895
129,Coal-Integrated_Gas_Combustion_Cycle,2034,115632.0,89.1175824,7.414,CO2,0.7707,0.32592437851047895
130,Coal-Integrated_Gas_Combustion_Cycle,2034,115632.0,39.661776,7.414,NOX,0.00034300000000000004,0.32592437851047895
131,Coal-Integrated_Gas_Combustion_Cycle,2034,115632.0,25.901568,7.414,SO2,0.000224,0.32592437851047895
132,Gas_combined_cycle,2010,723601645.7331345,298084.87557171314,6.5375,CO2,0.4119460995278711,0.18948979428692284
133,Gas_combined_cycle,2010,723601645.7331345,56098.602725895325,6.5375,NOX,7.752691423062986e-05,0.18948979428692284
134,Gas_combined_cycle,2010,723601645.7331345,9199.409299972882,6.5375,SO2,1.271336149415785e-05,0.18948979428692284
135,Gas_combined_cycle,2010,723601645.7331345,2558099.9121771767,6.5375,CH4,0.003535232302554226,0.18948979428692284
136,Gas_combined_cycle,2012,1199613746.612881,492201.48275005864,6.498722222,CO2,0.41029996875227004,0.18836581827527862
137,Gas_combined_cycle,2012,1199613746.612881,92635.03366897641,6.498722222,NOX,7.72207170270699e-05,0.18836581827527862
138,Gas_combined_cycle,2012,1199613746.612881,15210.134010273128,6.498722222,SO2,1.2679192826206821e-05,0.18836581827527862
139,Gas_combined_cycle,2012,1199613746.612881,4223944.683617879,6.498722222,CH4,0.003521087262916268,0.18836581827527862
140,Gas_combined_cycle,2014,779909624.2310343,311498.35275291593,6.459944444,CO2,0.399403139895912,0.1872418422636344
141,Gas_combined_cycle,2014,779909624.2310343,58613.479531775185,6.459944444,NOX,7.515419442293225e-05,0.1872418422636344
142,Gas_combined_cycle,2014,779909624.2310343,9583.621428639866,6.459944444,SO2,1.2288117918905036e-05,0.1872418422636344
143,Gas_combined_cycle,2014,779909624.2310343,2673132.9335275986,6.459944444,CH4,0.0034274906354223047,0.1872418422636344
144,Gas_combined_cycle,2016,1354806769.8477223,550197.7127458102,6.421166667,CO2,0.406107885634238,0.1861178662809753
145,Gas_combined_cycle,2016,1354806769.8477223,103548.11738537301,6.421166667,NOX,7.643017416942168e-05,0.1861178662809753
146,Gas_combined_cycle,2016,1354806769.8477223,16971.549014404216,6.421166667,SO2,1.2526914828091526e-05,0.1861178662809753
147,Gas_combined_cycle,2016,1354806769.8477223,4721595.265006652,6.421166667,CH4,0.003485069140551571,0.1861178662809753
148,Gas_combined_cycle,2018,1282545239.8870716,505845.8856219993,6.382388889,CO2,0.3944078305312171,0.1849938902693311
149,Gas_combined_cycle,2018,1282545239.8870716,95161.97478208246,6.382388889,NOX,7.419775289210187e-05,0.1849938902693311
150,Gas_combined_cycle,2018,1282545239.8870716,15553.313157522047,6.382388889,SO2,1.2126911919997083e-05,0.1849938902693311
151,Gas_combined_cycle,2018,1282545239.8870716,4340897.281526746,6.382388889,CH4,0.003384595838435269,0.1849938902693311
152,Gas_combined_cycle,2020,1557021176.9479737,619083.2560878474,6.363,CO2,0.39760747333016744,0.184431902263509
153,Gas_combined_cycle,2020,1557021176.9479737,116496.77635748762,6.363,NOX,7.482029023255875e-05,0.184431902263509
154,Gas_combined_cycle,2020,1557021176.9479737,19068.373794892643,6.363,SO2,1.2246701635921161e-05,0.184431902263509
155,Gas_combined_cycle,2020,1557021176.9479737,5312684.974921949,6.363,CH4,0.003412082670150778,0.184431902263509
156,Gas_combined_cycle,2022,1183401939.0771568,454302.4816689383,6.363,CO2,0.38389533316399116,0.184431902263509
157,Gas_combined_cycle,2022,1183401939.0771568,85475.12457776025,6.363,NOX,7.222831208508552e-05,0.184431902263509
158,Gas_combined_cycle,2022,1183401939.0771568,13954.265249332751,6.363,SO2,1.1791653189460378e-05,0.184431902263509
159,Gas_combined_cycle,2022,1183401939.0771568,3765219.9295693142,6.363,CH4,0.0031816915328916197,0.184431902263509
160,Gas_combined_cycle,2024,1263392477.7802157,482157.0371541505,6.363,CO2,0.381636780045819,0.184431902263509
161,Gas_combined_cycle,2024,1263392477.7802157,90713.1489635812,6.363,NOX,7.18012419410352e-05,0.184431902263509
162,Gas_combined_cycle,2024,1263392477.7802157,14814.936618715787,6.363,SO2,1.1726313777604307e-05,0.184431902263509
163,Gas_combined_cycle,2024,1263392477.7802157,3714954.640103728,6.363,CH4,0.0029404596793475564,0.184431902263509
164,Gas_combined_cycle,2026,1256235293.091652,473539.10219103727,6.363,CO2,0.37695096196958144,0.184431902263509
165,Gas_combined_cycle,2026,1256235293.091652,89086.83357306129,6.363,NOX,7.091572260624406e-05,0.184431902263509
166,Gas_combined_cycle,2026,1256235293.091652,14554.077950617471,6.363,SO2,1.1585471313100293e-05,0.184431902263509
167,Gas_combined_cycle,2026,1256235293.091652,3373770.487791447,6.363,CH4,0.0026856198885229893,0.184431902263509
168,Gas_combined_cycle,2028,798083230.1339837,293384.8559112137,6.363,CO2,0.3676118540442952,0.184431902263509
169,Gas_combined_cycle,2028,798083230.1339837,55199.109132592224,6.363,NOX,6.916460219734888e-05,0.184431902263509
170,Gas_combined_cycle,2028,798083230.1339837,9002.337618924259,6.363,SO2,1.1279948355026743e-05,0.184431902263509
171,Gas_combined_cycle,2028,798083230.1339837,1919358.0523975815,6.363,CH4,0.002404959758489545,0.184431902263509
172,Gas_combined_cycle,2030,633552506.121408,230703.76226171065,6.363,CO2,0.36414308211654484,0.184431902263509
173,Gas_combined_cycle,2030,633552506.121408,43408.18634978632,6.363,NOX,6.851553096290331e-05,0.184431902263509
174,Gas_combined_cycle,2030,633552506.121408,7076.638326781235,6.363,SO2,1.116977402568294e-05,0.184431902263509
175,Gas_combined_cycle,2030,633552506.121408,1376154.1985249985,6.363,CH4,0.002172123360303282,0.184431902263509
176,Gas_combined_cycle,2032,521038581.8983497,188618.81049805105,6.363,CO2,0.3620054580427386,0.184431902263509
177,Gas_combined_cycle,2032,521038581.8983497,35490.43687529884,6.363,NOX,6.811479630931194e-05,0.184431902263509
178,Gas_combined_cycle,2032,521038581.8983497,5787.079053760077,6.363,SO2,1.1106814840228257e-05,0.184431902263509
179,Gas_combined_cycle,2032,521038581.8983497,1125127.2951801543,6.363,CH4,0.002159393438928976,0.184431902263509
180,Gas_combined_cycle,2034,142678669.70676792,51027.46760638696,6.363,CO2,0.3576390760529112,0.184431902263509
181,Gas_combined_cycle,2034,142678669.70676792,9601.991086858467,6.363,NOX,6.729801382780204e-05,0.184431902263509
182,Gas_combined_cycle,2034,142678669.70676792,1569.465366774448,6.363,SO2,1.1000000000000006e-05,0.184431902263509
183,Gas_combined_cycle,2034,142678669.70676792,304410.14138533577,6.363,CH4,0.0021335364424896665,0.184431902263509
184,Gas_combined_cycle,2036,169931941.85818595,60532.016225976775,6.363,CO2,0.3562132908272938,0.184431902263509
185,Gas_combined_cycle,2036,169931941.85818595,11392.030090764387,6.363,NOX,6.703878015041709e-05,0.184431902263509
186,Gas_combined_cycle,2036,169931941.85818595,1869.2513604400467,6.363,SO2,1.1000000000000008e-05,0.184431902263509
187,Gas_combined_cycle,2036,169931941.85818595,361146.32406729663,6.363,CH4,0.002125240964813347,0.184431902263509
188,Gas_combined_cycle,2038,180364567.75524405,64241.12850031863,6.363,CO2,0.35617377237581543,0.184431902263509
189,Gas_combined_cycle,2038,180364567.75524405,12090.124654047113,6.363,NOX,6.703159497742093e-05,0.184431902263509
190,Gas_combined_cycle,2038,180364567.75524405,1984.0102453076827,6.363,SO2,1.099999999999999e-05,0.184431902263509
191,Gas_combined_cycle,2038,180364567.75524405,383276.6975744031,6.363,CH4,0.0021250110392774715,0.184431902263509
192,Gas_combined_cycle,2040,187246099.970487,66688.24327136365,6.363,CO2,0.35615290936299765,0.184431902263509
193,Gas_combined_cycle,2040,187246099.970487,12550.694458362686,6.363,NOX,6.702780170236325e-05,0.184431902263509
194,Gas_combined_cycle,2040,187246099.970487,2059.7070996753578,6.363,SO2,1.1000000000000005e-05,0.184431902263509
195,Gas_combined_cycle,2040,187246099.970487,397877.3006681962,6.363,CH4,0.002124889654475624,0.184431902263509
196,Gas_combined_cycle,2042,195386465.2968366,69569.06153046594,6.363,CO2,0.3560587547595719,0.184431902263509
197,Gas_combined_cycle,2042,195386465.2968366,13092.980426668422,6.363,NOX,6.701068268355844e-05,0.184431902263509
198,Gas_combined_cycle,2042,195386465.2968366,2149.251118265204,6.363,SO2,1.1000000000000005e-05,0.184431902263509
199,Gas_combined_cycle,2042,195386465.2968366,415067.6443474532,6.363,CH4,0.0021243418458738723,0.184431902263509
200,Gas_combined_cycle,2044,202444194.40439248,72070.13320796375,6.363,CO2,0.35600000000000015,0.184431902263509
201,Gas_combined_cycle,2044,202444194.40439248,13563.761025094287,6.363,NOX,6.699999999999996e-05,0.184431902263509
202,Gas_combined_cycle,2044,202444194.40439248,2226.886138448318,6.363,SO2,1.1000000000000003e-05,0.184431902263509
203,Gas_combined_cycle,2044,202444194.40439248,429991.4689149298,6.363,CH4,0.002124000000000001,0.184431902263509
204,Gas_combined_cycle,2046,204968192.4840319,72968.6765243154,6.363,CO2,0.3560000000000002,0.184431902263509
205,Gas_combined_cycle,2046,204968192.4840319,13732.868896430135,6.363,NOX,6.699999999999999e-05,0.184431902263509
206,Gas_combined_cycle,2046,204968192.4840319,2254.650117324351,6.363,SO2,1.1000000000000001e-05,0.184431902263509
207,Gas_combined_cycle,2046,204968192.4840319,435352.4408360837,6.363,CH4,0.002124,0.184431902263509
208,Gas_combined_cycle,2048,207822745.36821678,73992.6520829876,6.363,CO2,0.35603731416351314,0.184431902263509
209,Gas_combined_cycle,2048,207822745.36821678,13925.533890925526,6.363,NOX,6.70067843933661e-05,0.184431902263509
210,Gas_combined_cycle,2048,207822745.36821678,2286.0501990503835,6.363,SO2,1.0999999999999995e-05,0.184431902263509
211,Gas_combined_cycle,2048,207822745.36821678,441460.6296022524,6.363,CH4,0.0021242171005877147,0.184431902263509
212,Gas_combined_cycle,2050,212729930.5777859,75731.8552856918,6.363,CO2,0.35600000000000004,0.184431902263509
213,Gas_combined_cycle,2050,212729930.5777859,14252.905348711667,6.363,NOX,6.700000000000006e-05,0.184431902263509
214,Gas_combined_cycle,2050,212729930.5777859,2340.0292363556455,6.363,SO2,1.1000000000000001e-05,0.184431902263509
215,Gas_combined_cycle,2050,212729930.5777859,451838.3725472172,6.363,CH4,0.0021239999999999996,0.184431902263509
216,Gas_combined_cycle_CCS,2028,235856712.40928948,9151.240441480435,6.942,CO2,0.038800000000000015,0.20121424886268732
217,Gas_combined_cycle_CCS,2028,235856712.40928948,17217.54000587813,6.942,NOX,7.3e-05,0.20121424886268732
218,Gas_combined_cycle_CCS,2028,235856712.40928948,2830.280548911474,6.942,SO2,1.2e-05,0.20121424886268732
219,Gas_combined_cycle_CCS,2028,235856712.40928948,599311.9062320046,6.942,CH4,0.0025410000000000003,0.20121424886268732
220,Gas_combined_cycle_CCS,2030,235534490.4469724,9138.738229342534,6.797,CO2,0.03880000000000002,0.19701141594924887
221,Gas_combined_cycle_CCS,2030,235534490.4469724,17194.017802628987,6.797,NOX,7.300000000000001e-05,0.19701141594924887
222,Gas_combined_cycle_CCS,2030,235534490.4469724,2826.4138853636687,6.797,SO2,1.1999999999999999e-05,0.19701141594924887
223,Gas_combined_cycle_CCS,2030,235534490.4469724,545733.4143656351,6.797,CH4,0.0023170000000000005,0.19701141594924887
224,Gas_combined_cycle_CCS,2032,255856483.55626154,9892.140916826485,6.652,CO2,0.03866285027970086,0.19280858303581044
225,Gas_combined_cycle_CCS,2032,255856483.55626154,18611.728339938716,6.652,NOX,7.274284427443907e-05,0.19280858303581044
226,Gas_combined_cycle_CCS,2032,255856483.55626154,3070.277802675138,6.652,SO2,1.1999999999999999e-05,0.19280858303581044
227,Gas_combined_cycle_CCS,2032,255856483.55626154,590692.1020372472,6.652,CH4,0.0023086852982068637,0.19280858303581044
228,Gas_combined_cycle_CCS,2034,315347865.87989306,12001.437047439178,6.498,CO2,0.038057771578546784,0.1883448846311931
229,Gas_combined_cycle_CCS,2034,315347865.87989306,22623.64960184807,6.498,NOX,7.174188269428392e-05,0.1883448846311931
230,Gas_combined_cycle_CCS,2034,315347865.87989306,3699.9380476994857,6.498,SO2,1.173287803098273e-05,0.1883448846311931
231,Gas_combined_cycle_CCS,2034,315347865.87989306,716260.5178715859,6.498,CH4,0.0022713345970268558,0.1883448846311931
232,Gas_combined_cycle_CCS,2036,168656144.91605404,6368.357319344459,6.334,CO2,0.03775941471041099,0.18359133568082128
233,Gas_combined_cycle_CCS,2036,168656144.91605404,12015.999663472132,6.334,NOX,7.124554915833579e-05,0.18359133568082128
234,Gas_combined_cycle_CCS,2036,168656144.91605404,1957.5424320481618,6.334,SO2,1.1606706847369824e-05,0.18359133568082128
235,Gas_combined_cycle_CCS,2036,168656144.91605404,379970.7051096059,6.334,CH4,0.0022529312839370923,0.18359133568082128
236,Gas_combined_cycle_CCS,2038,227577895.90580586,8644.874996208642,6.17,CO2,0.03798644399009095,0.17883778673044956
237,Gas_combined_cycle_CCS,2038,227577895.90580586,16299.849533402437,6.17,NOX,7.162316651415444e-05,0.17883778673044956
238,Gas_combined_cycle_CCS,2038,227577895.90580586,2663.3058678001175,6.17,SO2,1.1702831934532236e-05,0.17883778673044956
239,Gas_combined_cycle_CCS,2038,227577895.90580586,515904.3536067953,6.17,CH4,0.002266935246735594,0.17883778673044956
240,Gas_combined_cycle_CCS,2040,186612828.7228251,7051.129689620226,6.17,CO2,0.03778480685319456,0.17883778673044956
241,Gas_combined_cycle_CCS,2040,186612828.7228251,13301.33581675341,6.17,NOX,7.127771390524176e-05,0.17883778673044956
242,Gas_combined_cycle_CCS,2040,186612828.7228251,2171.725061604347,6.17,SO2,1.1637597888996135e-05,0.17883778673044956
243,Gas_combined_cycle_CCS,2040,186612828.7228251,420727.56301307294,6.17,CH4,0.002254547910197412,0.17883778673044956
244,Gas_combined_cycle_CCS,2042,216708284.51829112,8153.537714967243,6.17,CO2,0.037624485529435536,0.17883778673044956
245,Gas_combined_cycle_CCS,2042,216708284.51829112,15376.8237930465,6.17,NOX,7.095632650697592e-05,0.17883778673044956
246,Gas_combined_cycle_CCS,2042,216708284.51829112,2517.685494052947,6.17,SO2,1.1617855310189784e-05,0.17883778673044956
247,Gas_combined_cycle_CCS,2042,216708284.51829112,486540.99452014425,6.17,CH4,0.002245142568507011,0.17883778673044956
248,Gas_combined_cycle_CCS,2044,203999028.95049724,7632.287695000776,6.17,CO2,0.037413353064797386,0.17883778673044956
249,Gas_combined_cycle_CCS,2044,203999028.95049724,14396.733464197716,6.17,NOX,7.057255879238156e-05,0.17883778673044956
250,Gas_combined_cycle_CCS,2044,203999028.95049724,2358.2820675546714,6.17,SO2,1.15602612408853e-05,0.17883778673044956
251,Gas_combined_cycle_CCS,2044,203999028.95049724,455406.73653509433,6.17,CH4,0.002232396589719082,0.17883778673044956
252,Gas_combined_cycle_CCS,2046,218533885.9200672,8112.18427915955,6.17,CO2,0.03712094463064978,0.17883778673044956
253,Gas_combined_cycle_CCS,2046,218533885.9200672,15301.39501597996,6.17,NOX,7.0018409051568e-05,0.17883778673044956
254,Gas_combined_cycle_CCS,2046,218533885.9200672,2513.1524753149642,6.17,SO2,1.1500058513736384e-05,0.17883778673044956
255,Gas_combined_cycle_CCS,2046,218533885.9200672,484040.6481579551,6.17,CH4,0.0022149455043095783,0.17883778673044956
256,Gas_combined_cycle_CCS,2048,219055773.3193881,8049.017268705759,6.17,CO2,0.03674414577957786,0.17883778673044956
257,Gas_combined_cycle_CCS,2048,219055773.3193881,15184.262681686327,6.17,NOX,6.931687967679053e-05,0.17883778673044956
258,Gas_combined_cycle_CCS,2048,219055773.3193881,2500.051249733789,6.17,SO2,1.1412852589320528e-05,0.17883778673044956
259,Gas_combined_cycle_CCS,2048,219055773.3193881,480245.20588879514,6.17,CH4,0.002192342153833979,0.17883778673044956
260,Gas_combined_cycle_CCS,2050,179242458.98527846,6481.314274178433,6.17,CO2,0.03615948091133227,0.17883778673044956
261,Gas_combined_cycle_CCS,2050,179242458.98527846,12234.17517868827,6.17,NOX,6.825489478301058e-05,0.17883778673044956
262,Gas_combined_cycle_CCS,2050,179242458.98527846,2017.3992795683566,6.17,SO2,1.1255141728077106e-05,0.17883778673044956
263,Gas_combined_cycle_CCS,2050,179242458.98527846,386631.59841997345,6.17,CH4,0.0021570313228727145,0.17883778673044956
264,Gas_combustion_turbine,2010,61876078.7917629,42298.8452547163,10.2225,CO2,0.6836057824069361,0.29629972039741015
265,Gas_combustion_turbine,2010,61876078.7917629,55799.86123623004,10.2225,NOX,0.0009018002162680395,0.29629972039741015
266,Gas_combustion_turbine,2010,61876078.7917629,3908.6865224469575,10.2225,SO2,6.316958990890825e-05,0.29629972039741015
267,Gas_combustion_turbine,2010,61876078.7917629,363008.30238660343,10.2225,CH4,0.005866698560654881,0.29629972039741015
268,Gas_combustion_turbine,2012,63498603.83619739,42549.104951127105,10.11016667,CO2,0.6700793778220361,0.2930437326967195
269,Gas_combustion_turbine,2012,63498603.83619739,56126.50344254472,10.11016667,NOX,0.0008839013781677795,0.2930437326967195
270,Gas_combustion_turbine,2012,63498603.83619739,3928.3503716449,10.11016667,SO2,6.186514559876894e-05,0.2930437326967195
271,Gas_combustion_turbine,2012,63498603.83619739,365161.9218803749,10.11016667,CH4,0.005750707886780564,0.2930437326967195
272,Gas_combustion_turbine,2014,65355432.35159842,43399.60853938299,9.997833333,CO2,0.6640551057164196,0.2897877447931335
273,Gas_combustion_turbine,2014,65355432.35159842,57249.06059171937,9.997833333,NOX,0.0008759648361551877,0.2897877447931335
274,Gas_combustion_turbine,2014,65355432.35159842,4009.2012318748157,9.997833333,SO2,6.13445751579786e-05,0.2897877447931335
275,Gas_combustion_turbine,2014,65355432.35159842,372457.7470575342,9.997833333,CH4,0.005698956210002409,0.2897877447931335
276,Gas_combustion_turbine,2016,67900208.20369644,45487.9572371386,9.8855,CO2,0.6699236782997414,0.2865317570054878
277,Gas_combustion_turbine,2016,67900208.20369644,60003.7349264335,9.8855,NOX,0.0008837047265956238,0.2865317570054878
278,Gas_combustion_turbine,2016,67900208.20369644,4202.031069403411,9.8855,SO2,6.188539299905496e-05,0.2865317570054878
279,Gas_combustion_turbine,2016,67900208.20369644,390376.4199015326,9.8855,CH4,0.005749266905492062,0.2865317570054878
280,Gas_combustion_turbine,2018,68421697.68814869,44912.15330546056,9.773166667,CO2,0.6564022060686137,0.28327576921784187
281,Gas_combustion_turbine,2018,68421697.68814869,59240.268936951776,9.773166667,NOX,0.0008658111525813949,0.28327576921784187
282,Gas_combustion_turbine,2018,68421697.68814869,4149.943609092883,9.773166667,SO2,6.0652450162920966e-05,0.28327576921784187
283,Gas_combustion_turbine,2018,68421697.68814869,385435.5477078323,9.773166667,CH4,0.0056332356654546075,0.28327576921784187
284,Gas_combustion_turbine,2020,79446006.38881306,52313.400288614044,9.717,CO2,0.6584774070654907,0.2816477753095265
285,Gas_combustion_turbine,2020,79446006.38881306,69000.80722183855,9.717,NOX,0.0008685245534450764,0.2816477753095265
286,Gas_combustion_turbine,2020,79446006.38881306,4835.673538818009,9.717,SO2,6.086742126661421e-05,0.2816477753095265
287,Gas_combustion_turbine,2020,79446006.38881306,448954.0105926904,9.717,CH4,0.005651058259561659,0.2816477753095265
288,Gas_combustion_turbine,2022,68459979.16745833,43815.795670250365,9.717,CO2,0.6400205814125883,0.2816477753095265
289,Gas_combustion_turbine,2022,68459979.16745833,57790.454625596074,9.717,NOX,0.000844149462625985,0.2816477753095265
290,Gas_combustion_turbine,2022,68459979.16745833,4050.753186575309,9.717,SO2,5.9169652632625814e-05,0.2816477753095265
291,Gas_combustion_turbine,2022,68459979.16745833,363151.1075101527,9.717,CH4,0.005304575197457443,0.2816477753095265
292,Gas_combustion_turbine,2024,62910668.16214026,39718.49014657878,9.717,CO2,0.6313474535703856,0.2816477753095265
293,Gas_combustion_turbine,2024,62910668.16214026,52384.85587402823,9.717,NOX,0.0008326863694884983,0.2816477753095265
294,Gas_combustion_turbine,2024,62910668.16214026,3674.6163562459733,9.717,SO2,5.841006722063975e-05,0.2816477753095265
295,Gas_combustion_turbine,2024,62910668.16214026,306058.4604528051,9.717,CH4,0.004864969160143042,0.2816477753095265
296,Gas_combustion_turbine,2026,61616115.36214027,38342.11773886183,9.717,CO2,0.6222741812513056,0.2816477753095265
297,Gas_combustion_turbine,2026,61616115.36214027,50567.195007225375,9.717,NOX,0.0008206813219240392,0.2816477753095265
298,Gas_combustion_turbine,2026,61616115.36214027,3547.337013447713,9.717,SO2,5.7571578354116065e-05,0.2816477753095265
299,Gas_combustion_turbine,2026,61616115.36214027,273178.9873247268,9.717,CH4,0.004433563942146544,0.2816477753095265
300,Gas_combustion_turbine,2028,60499846.08214023,37769.60081470049,9.717,CO2,0.6242925108176467,0.2816477753095265
301,Gas_combustion_turbine,2028,60499846.08214023,49812.45528668869,9.717,NOX,0.0008233484630532557,0.2816477753095265
302,Gas_combustion_turbine,2028,60499846.08214023,3494.8689824389094,9.717,SO2,5.776657642556561e-05,0.2816477753095265
303,Gas_combustion_turbine,2028,60499846.08214023,247096.30528118438,9.717,CH4,0.004084246841648215,0.2816477753095265
304,Gas_combustion_turbine,2030,60002675.57380526,36829.471324857965,9.717,CO2,0.6137971510879795,0.2816477753095265
305,Gas_combustion_turbine,2030,60002675.57380526,48570.02661151237,9.717,NOX,0.0008094643471651466,0.2816477753095265
306,Gas_combustion_turbine,2030,60002675.57380526,3409.2117018626477,9.717,SO2,5.681766136693697e-05,0.2816477753095265
307,Gas_combustion_turbine,2030,60002675.57380526,219713.57567121464,9.717,CH4,0.0036617296407217663,0.2816477753095265
308,Gas_combustion_turbine,2032,59360538.62178149,36013.98998923718,9.717,CO2,0.6066991780297352,0.2816477753095265
309,Gas_combustion_turbine,2032,59360538.62178149,47493.45107325427,9.717,NOX,0.0008000845709278527,0.2816477753095265
310,Gas_combustion_turbine,2032,59360538.62178149,3334.8632021754593,9.717,SO2,5.6179800244463745e-05,0.2816477753095265
311,Gas_combustion_turbine,2032,59360538.62178149,214851.08567618512,9.717,CH4,0.003619426148490988,0.2816477753095265
312,Gas_combustion_turbine,2034,60976155.53719544,36235.24408484267,9.717,CO2,0.5942526839485508,0.2816477753095265
313,Gas_combustion_turbine,2034,60976155.53719544,47783.165387966554,9.717,NOX,0.0007836368981776629,0.2816477753095265
314,Gas_combustion_turbine,2034,60976155.53719544,3358.134586815426,9.717,SO2,5.5072914276580866e-05,0.2816477753095265
315,Gas_combustion_turbine,2034,60976155.53719544,216179.92721247222,9.717,CH4,0.003545319072807116,0.2816477753095265
316,Gas_combustion_turbine,2036,34892733.06119086,20648.90981926964,9.717,CO2,0.5917825291317238,0.2816477753095265
317,Gas_combustion_turbine,2036,34892733.06119086,27228.700093484433,9.717,NOX,0.000780354466522696,0.2816477753095265
318,Gas_combustion_turbine,2036,34892733.06119086,1913.9922304134973,9.717,SO2,5.485360596594592e-05,0.2816477753095265
319,Gas_combustion_turbine,2036,34892733.06119086,123194.05229637113,9.717,CH4,0.0035306506968178037,0.2816477753095265
320,Gas_combustion_turbine,2038,24717023.924763095,14613.103270514881,9.717,CO2,0.5912161316425534,0.2816477753095265
321,Gas_combustion_turbine,2038,24717023.924763095,19269.505514516713,9.717,NOX,0.0007796045985621792,0.2816477753095265
322,Gas_combustion_turbine,2038,24717023.924763095,1354.3282279099706,9.717,SO2,5.479333725744862e-05,0.2816477753095265
323,Gas_combustion_turbine,2038,24717023.924763095,87183.44320028358,9.717,CH4,0.0035272629692662,0.2816477753095265
324,Gas_combustion_turbine,2040,24712976.804763086,14623.019859828733,9.717,CO2,0.5917142226674347,0.2816477753095265
325,Gas_combustion_turbine,2040,24712976.804763086,19282.571088463654,9.717,NOX,0.0007802609633311032,0.2816477753095265
326,Gas_combustion_turbine,2040,24712976.804763086,1355.3738723179702,9.717,SO2,5.4844622039087596e-05,0.2816477753095265
327,Gas_combustion_turbine,2040,24712976.804763086,87242.62706601038,9.717,CH4,0.0035302354611199877,0.2816477753095265
328,Gas_combustion_turbine,2042,18857257.580156185,11149.90878631157,9.717,CO2,0.5912794444747262,0.2816477753095265
329,Gas_combustion_turbine,2042,18857257.580156185,14702.619025259652,9.717,NOX,0.0007796795988368674,0.2816477753095265
330,Gas_combustion_turbine,2042,18857257.580156185,1033.29594276459,9.717,SO2,5.479566359914101e-05,0.2816477753095265
331,Gas_combustion_turbine,2042,18857257.580156185,66521.31465134415,9.717,CH4,0.0035276240125894907,0.2816477753095265
332,Gas_combustion_turbine,2044,15716851.44107691,9287.450679547926,9.717,CO2,0.5909231066010227,0.2816477753095265
333,Gas_combustion_turbine,2044,15716851.44107691,12246.602239733398,9.717,NOX,0.0007792020103801571,0.2816477753095265
334,Gas_combustion_turbine,2044,15716851.44107691,860.5736051152303,9.717,SO2,5.475483485617678e-05,0.2816477753095265
335,Gas_combustion_turbine,2044,15716851.44107691,55409.46180745035,9.717,CH4,0.003525481042763723,0.2816477753095265
336,Gas_combustion_turbine,2046,13412589.695601096,7957.675489120618,9.717,CO2,0.5932989578985245,0.2816477753095265
337,Gas_combustion_turbine,2046,13412589.695601096,10493.100474881352,9.717,NOX,0.0007823321754428048,0.2816477753095265
338,Gas_combustion_turbine,2046,13412589.695601096,737.6924332580595,9.717,SO2,5.499999999999994e-05,0.2816477753095265
339,Gas_combustion_turbine,2046,13412589.695601096,47476.019007643146,9.717,CH4,0.0035396608772140232,0.2816477753095265
340,Gas_combustion_turbine,2048,12249677.790839465,7268.108431625331,9.717,CO2,0.5933305802590625,0.2816477753095265
341,Gas_combustion_turbine,2048,12249677.790839465,9583.747478722607,9.717,NOX,0.0007823673113989587,0.2816477753095265
342,Gas_combustion_turbine,2048,12249677.790839465,673.7322784961707,9.717,SO2,5.500000000000001e-05,0.2816477753095265
343,Gas_combustion_turbine,2048,12249677.790839465,43361.857255420706,9.717,CH4,0.003539836556994789,0.2816477753095265
344,Gas_combustion_turbine,2050,12249677.790839467,7268.430477119294,9.717,CO2,0.5933568703786445,0.2816477753095265
345,Gas_combustion_turbine,2050,12249677.790839467,9584.105307049236,9.717,NOX,0.0007823965226429389,0.2816477753095265
346,Gas_combustion_turbine,2050,12249677.790839467,673.7322784961706,9.717,SO2,5.499999999999999e-05,0.2816477753095265
347,Gas_combustion_turbine,2050,12249677.790839467,43363.64639705385,9.717,CH4,0.0035399826132146905,0.2816477753095265
348,Oil_gas_steam,2010,78491369.33613487,62886.644620563784,10.64770669,CO2,0.8011918399748547,0.25531651559703655
349,Oil_gas_steam,2010,78491369.33613487,87247.89649958162,10.64770669,NOX,0.0011115603822115451,0.25531651559703655
350,Oil_gas_steam,2010,78491369.33613487,151304.70879745856,10.64770669,SO2,0.0019276604558840689,0.25531651559703655
351,Oil_gas_steam,2012,73624975.22891493,58600.800259713404,10.64770669,CO2,0.795936434307946,0.25531651559703655
352,Oil_gas_steam,2012,73624975.22891493,81309.96844816096,10.64770669,NOX,0.0011043802486228598,0.25531651559703655
353,Oil_gas_steam,2012,73624975.22891493,140997.23853046555,10.64770669,SO2,0.0019150734936355038,0.25531651559703655
354,Oil_gas_steam,2014,69839339.57487097,55800.480591269385,10.64770669,CO2,0.7989835088782407,0.25531651559703655
355,Oil_gas_steam,2014,69839339.57487097,77419.83863554172,10.64770669,NOX,0.001108541963695749,0.25531651559703655
356,Oil_gas_steam,2014,69839339.57487097,134257.3145752997,10.64770669,SO2,0.0019223737708941207,0.25531651559703655
357,Oil_gas_steam,2016,74967476.0115183,59963.899969173224,10.64770669,CO2,0.7998655304863157,0.25531651559703655
358,Oil_gas_steam,2016,74967476.0115183,83195.30236190034,10.64770669,NOX,0.0011097519456186292,0.25531651559703655
359,Oil_gas_steam,2016,74967476.0115183,144279.13514066776,10.64770669,SO2,0.0019245563918745263,0.25531651559703655
360,Oil_gas_steam,2018,54076778.13028689,43338.01902674468,10.64770669,CO2,0.801416440201571,0.25531651559703655
361,Oil_gas_steam,2018,54076778.13028689,60123.56004551793,10.64770669,NOX,0.0011118184574654682,0.25531651559703655
362,Oil_gas_steam,2018,54076778.13028689,104274.57313715,10.64770669,SO2,0.0019282689676134522,0.25531651559703655
363,Oil_gas_steam,2020,74005013.83190984,58879.88031991835,10.64770669,CO2,0.7956201515434383,0.25531651559703655
364,Oil_gas_steam,2020,74005013.83190984,81688.19975135039,10.64770669,NOX,0.0011038198024919182,0.25531651559703655
365,Oil_gas_steam,2020,74005013.83190984,141671.96707775822,10.64770669,SO2,0.0019143563353632052,0.25531651559703655
366,Oil_gas_steam,2022,44738914.32000001,35057.260996942045,10.64770669,CO2,0.783596596604717,0.25531651559703655
367,Oil_gas_steam,2022,44738914.32000001,48634.68125754436,10.64770669,NOX,0.0010870778157395472,0.25531651559703655
368,Oil_gas_steam,2022,44738914.32000001,84354.73225734642,10.64770669,SO2,0.0018854890320759666,0.25531651559703655
369,Oil_gas_steam,2024,29309104.59877555,22146.593020333254,10.64770669,CO2,0.7556216173611279,0.25531651559703655
370,Oil_gas_steam,2024,29309104.59877555,30727.07501225084,10.64770669,NOX,0.0010483798612371982,0.25531651559703655
371,Oil_gas_steam,2024,29309104.59877555,53285.850810275384,10.64770669,SO2,0.0018180647802014912,0.25531651559703655
372,Oil_gas_steam,2026,27063053.656431552,20571.721711525814,10.64770669,CO2,0.7601404472934239,0.25531651559703655
373,Oil_gas_steam,2026,27063053.656431552,28543.199915949033,10.64770669,NOX,0.001054692507294561,0.25531651559703655
374,Oil_gas_steam,2026,27063053.656431552,49496.7614444426,10.64770669,SO2,0.0018289422203720776,0.25531651559703655
375,Oil_gas_steam,2028,26073559.096431557,19866.053892615037,10.64770669,CO2,0.7619233653196934,0.25531651559703655
376,Oil_gas_steam,2028,26073559.096431557,27562.57660447921,10.64770669,NOX,0.0010571083334860655,0.25531651559703655
377,Oil_gas_steam,2028,26073559.096431557,47800.72281543733,10.64770669,SO2,0.001833302566736252,0.25531651559703655
378,Oil_gas_steam,2030,22500257.96997827,17466.681669544723,10.64770669,CO2,0.776288062690225,0.25531651559703655
379,Oil_gas_steam,2030,22500257.96997827,24231.994814646278,10.64770669,NOX,0.0010769651995536512,0.25531651559703655
380,Oil_gas_steam,2030,22500257.96997827,42027.97454735774,10.64770669,SO2,0.0018678885639193555,0.25531651559703655
381,Oil_gas_steam,2032,21615045.559994295,16764.467068327845,10.64770669,CO2,0.7755924928215728,0.25531651559703655
382,Oil_gas_steam,2032,21615045.559994295,23257.960843575504,10.64770669,NOX,0.001076007949139925,0.25531651559703655
383,Oil_gas_steam,2032,21615045.559994295,40338.04546554902,10.64770669,SO2,0.0018662021948363482,0.25531651559703655
384,Oil_gas_steam,2034,18439513.494837645,13895.913622380738,10.64770669,CO2,0.7535943736406635,0.25531651559703655
385,Oil_gas_steam,2034,18439513.494837645,19280.527798873052,10.64770669,NOX,0.0010456093542961888,0.25531651559703655
386,Oil_gas_steam,2034,18439513.494837645,33432.44066987177,10.64770669,SO2,0.00181308691681218,0.25531651559703655
387,Oil_gas_steam,2036,2944689.8068905715,1654.3482426320934,10.64770669,CO2,0.5618073043758022,0.25531651559703655
388,Oil_gas_steam,2036,2944689.8068905715,2296.0101334999695,10.64770669,NOX,0.0007797120525657093,0.25531651559703655
389,Oil_gas_steam,2036,2944689.8068905715,3979.7371482245712,10.64770669,SO2,0.0013514962217453226,0.25531651559703655
390,Oil_gas_steam,2038,2849515.864566076,1588.1726135079869,10.64770669,CO2,0.5573482265029724,0.25531651559703655
391,Oil_gas_steam,2038,2849515.864566076,2204.234193306343,10.64770669,NOX,0.0007735469104475414,0.25531651559703655
392,Oil_gas_steam,2038,2849515.864566076,3820.5207347846163,10.64770669,SO2,0.0013407613490744347,0.25531651559703655
393,Oil_gas_steam,2040,2716328.824566078,1486.5982482447957,10.64770669,CO2,0.5472821385983244,0.25531651559703655
394,Oil_gas_steam,2040,2716328.824566078,2063.341166509841,10.64770669,NOX,0.0007596065497848741,0.25531651559703655
395,Oil_gas_steam,2040,2716328.824566078,3576.129681693466,10.64770669,SO2,0.0013165304764840972,0.25531651559703655
396,Oil_gas_steam,2042,1851769.20456,1011.7889528070241,10.64770669,CO2,0.5463904196675718,0.25531651559703655
397,Oil_gas_steam,2042,1851769.20456,1404.32930241192,10.64770669,NOX,0.0007583716690793568,0.25531651559703655
398,Oil_gas_steam,2042,1851769.20456,2433.9336083827197,10.64770669,SO2,0.0013143828088236558,0.25531651559703655
399,Oil_gas_steam,2044,1704670.5421522267,930.6214928173288,10.64770669,CO2,0.545924546594426,0.25531651559703655
400,Oil_gas_steam,2044,1704670.5421522267,1291.6739823808002,10.64770669,NOX,0.0007577264641119457,0.25531651559703655
401,Oil_gas_steam,2044,1704670.5421522267,2238.6790190790916,10.64770669,SO2,0.0013132619844844942,0.25531651559703655
402,Oil_gas_steam,2046,1620985.44689071,884.085462734194,10.64770669,CO2,0.5454000000000006,0.25531651559703655
403,Oil_gas_steam,2046,1620985.44689071,1227.0859832962701,10.64770669,NOX,0.0007570000000000017,0.25531651559703655
404,Oil_gas_steam,2046,1620985.44689071,2126.73290632061,10.64770669,SO2,0.001311999999999999,0.25531651559703655
405,Oil_gas_steam,2048,1149434.64,626.901652656,10.64770669,CO2,0.5454,0.25531651559703655
406,Oil_gas_steam,2048,1149434.64,870.12202248,10.64770669,NOX,0.0007570000000000001,0.25531651559703655
407,Oil_gas_steam,2048,1149434.64,1508.05824768,10.64770669,SO2,0.0013120000000000002,0.25531651559703655
408,Oil_gas_steam,2050,837753.84,456.910944336,10.64770669,CO2,0.5454,0.25531651559703655
409,Oil_gas_steam,2050,837753.84,634.17965688,10.64770669,NOX,0.0007570000000000001,0.25531651559703655
410,Oil_gas_steam,2050,837753.84,1099.13303808,10.64770669,SO2,0.001312,0.25531651559703655
411,Biopower,2010,3458931.3884690157,542.1282785264298,13.5,NOX,0.0001567328800836334,0.8329389367467838
412,Biopower,2010,3458931.3884690157,2168.931340126675,13.5,SO2,0.0006270524322503784,0.8329389367467838
413,Biopower,2012,2028525.1570962965,292.1313807375414,13.5,NOX,0.00014401171201431325,0.8329389367467838
414,Biopower,2012,2028525.1570962965,1168.440148247787,13.5,SO2,0.0005760047609763608,0.8329389367467838
415,Biopower,2014,5249497.40617779,724.9102794047905,13.5,NOX,0.0001380913682425466,0.8329389367467838
416,Biopower,2014,5249497.40617779,2899.7209512921117,13.5,SO2,0.0005523806808399638,0.8329389367467838
417,Biopower,2016,3225669.650720297,437.9642168206989,13.5,NOX,0.00013577466518398772,0.8329389367467838
418,Biopower,2016,3225669.650720297,1751.8841531649234,13.5,SO2,0.0005431071197181414,0.8329389367467838
419,Biopower,2018,3725979.9141231785,504.9520084066291,13.5,NOX,0.00013552193518076377,0.8329389367467838
420,Biopower,2018,3725979.9141231785,2019.808033626517,13.5,SO2,0.0005420877407230552,0.8329389367467838
421,Biopower,2020,5042266.023378961,740.9352582651081,13.5,NOX,0.0001469448963679602,0.8329389367467838
422,Biopower,2020,5042266.023378961,2963.6028156982584,13.5,SO2,0.0005877521737165836,0.8329389367467838
423,Biopower,2022,5465490.4646091955,746.6538037887414,13.5,NOX,0.00013661240626501215,0.8329389367467838
424,Biopower,2022,5465490.4646091955,2987.0152104979657,13.5,SO2,0.0005465228106864055,0.8329389367467838
425,Biopower,2024,2483525.2583920006,335.27590988291996,13.5,NOX,0.00013499999999999995,0.8329389367467838
426,Biopower,2024,2483525.2583920006,1341.10363953168,13.5,SO2,0.0005399999999999999,0.8329389367467838
427,Biopower,2026,2323100.8504775,313.6186148144625,13.5,NOX,0.000135,0.8329389367467838
428,Biopower,2026,2323100.8504775,1254.4744592578504,13.5,SO2,0.0005400000000000002,0.8329389367467838
429,Biopower,2028,1381907.5200000303,186.55751520000408,13.5,NOX,0.000135,0.8329389367467838
430,Biopower,2028,1381907.5200000303,746.2300608000161,13.5,SO2,0.0005399999999999998,0.8329389367467838
431,Biopower,2030,1257760.7999999996,169.79770799999991,13.5,NOX,0.00013499999999999997,0.8329389367467838
432,Biopower,2030,1257760.7999999996,679.190832,13.5,SO2,0.0005400000000000002,0.8329389367467838
433,Biopower,2032,1103339.52,148.9508352,13.5,NOX,0.000135,0.8329389367467838
434,Biopower,2032,1103339.52,595.8033408,13.5,SO2,0.00054,0.8329389367467838
435,Biopower,2034,903979.4400000006,122.0372244000001,13.5,NOX,0.000135,0.8329389367467838
436,Biopower,2034,903979.4400000006,488.1488976000004,13.5,SO2,0.00054,0.8329389367467838
437,Biopower,2036,795705.8399999997,107.42028839999996,13.5,NOX,0.000135,0.8329389367467838
438,Biopower,2036,795705.8399999997,429.6811535999999,13.5,SO2,0.00054,0.8329389367467838
439,Biopower,2038,722069.28,97.4793528,13.5,NOX,0.000135,0.8329389367467838
440,Biopower,2038,722069.28,389.91741120000006,13.5,SO2,0.0005400000000000001,0.8329389367467838
441,Biopower,2040,703673.279999994,94.99589279999917,13.5,NOX,0.00013499999999999997,0.8329389367467838
442,Biopower,2040,703673.279999994,379.9835711999967,13.5,SO2,0.0005399999999999999,0.8329389367467838
443,Biopower,2042,660101.0399999971,89.11364039999961,13.5,NOX,0.000135,0.8329389367467838
444,Biopower,2042,660101.0399999971,356.4545615999985,13.5,SO2,0.0005400000000000001,0.8329389367467838
445,Biopower,2044,615425.0400000161,83.0823804000022,13.5,NOX,0.00013500000000000003,0.8329389367467838
446,Biopower,2044,615425.0400000161,332.3295216000087,13.5,SO2,0.00054,0.8329389367467838
447,Biopower,2046,612797.0400000005,82.72760039999997,13.5,NOX,0.00013499999999999984,0.8329389367467838
448,Biopower,2046,612797.0400000005,330.9104016,13.5,SO2,0.0005399999999999996,0.8329389367467838
449,Biopower,2048,595452.2399999987,80.38605239999981,13.5,NOX,0.00013499999999999997,0.8329389367467838
450,Biopower,2048,595452.2399999987,321.5442095999993,13.5,SO2,0.00054,0.8329389367467838
451,Biopower,2050,593192.159999993,80.08094159999905,13.5,NOX,0.00013499999999999997,0.8329389367467838
452,Biopower,2050,593192.159999993,320.3237663999964,13.5,SO2,0.0005400000000000002,0.8329389367467838
453,Gas_combined_cycle_RE_fuel,2036,22600868.747521047,17673.87936056145,,NOX,0.0007819999999999996,
454,Gas_combined_cycle_RE_fuel,2038,32757078.123948805,25616.03509292796,,NOX,0.0007819999999999998,
455,Gas_combined_cycle_RE_fuel,2040,32757078.1239488,25616.035092927956,,NOX,0.0007819999999999998,
456,Gas_combined_cycle_RE_fuel,2042,38610589.82855572,30193.481245930576,,NOX,0.0007820000000000001,
457,Gas_combined_cycle_RE_fuel,2044,41565721.96763494,32504.39457869053,,NOX,0.0007820000000000003,
458,Gas_combined_cycle_RE_fuel,2046,42714513.75979686,33402.74976016113,,NOX,0.0007819999999999997,
459,Gas_combined_cycle_RE_fuel,2048,43678869.76544612,34156.876156578866,,NOX,0.000782,
460,Gas_combined_cycle_RE_fuel,2050,43678869.76544612,34156.87615657885,,NOX,0.0007819999999999997,
461,RE-fueled,2046,3296519.6320309853,2230.6190511011314,,NOX,0.0006766588099239826,
462,RE-fueled,2048,5385420.124846613,3733.6592096357776,,NOX,0.0006932902397734697,
463,RE-fueled,2050,5817404.770330312,4067.0497619169764,,NOX,0.0006991175485432226,
464,Battery_storage,2010,5944.675350496068,,,,,
465,Battery_storage,2012,13109.700278065104,,,,,
466,Battery_storage,2014,25097.005451578552,,,,,
467,Battery_storage,2016,31243.27674091768,,,,,
468,Battery_storage,2018,76182.16613920665,,,,,
469,Battery_storage,2020,170535.04228145708,,,,,
470,Battery_storage,2022,9849419.920959236,,,,,
471,Battery_storage,2024,9337586.47593678,,,,,
472,Battery_storage,2026,15780674.399187999,,,,,
473,Battery_storage,2028,54525735.400960326,,,,,
474,Battery_storage,2030,122822961.33037724,,,,,
475,Battery_storage,2032,180374156.43544576,,,,,
476,Battery_storage,2034,375429945.3482546,,,,,
477,Battery_storage,2036,443220097.9465789,,,,,
478,Battery_storage,2038,429801871.41425824,,,,,
479,Battery_storage,2040,424238705.76223135,,,,,
480,Battery_storage,2042,416288080.35179865,,,,,
481,Battery_storage,2044,425395389.3908562,,,,,
482,Battery_storage,2046,421968812.5905864,,,,,
483,Battery_storage,2048,434854610.2162179,,,,,
484,Battery_storage,2050,505175638.905298,,,,,
485,Canada_Imports,2010,44387869.6928,,,,,
486,Canada_Imports,2012,57864479.86464,,,,,
487,Canada_Imports,2014,58794699.78784,,,,,
488,Canada_Imports,2016,72053999.857534,,,,,
489,Canada_Imports,2018,74442089.8469709,,,,,
490,Canada_Imports,2020,71396619.721696,,,,,
491,Canada_Imports,2022,63749779.8368,,,,,
492,Canada_Imports,2024,64205929.75136,,,,,
493,Canada_Imports,2026,72135150.0,,,,,
494,Canada_Imports,2028,80376059.54879999,,,,,
495,Canada_Imports,2030,82460879.82624,,,,,
496,Canada_Imports,2032,81790379.712,,,,,
497,Canada_Imports,2034,81219679.75145599,,,,,
498,Canada_Imports,2036,76763268.1179799,,,,,
499,Canada_Imports,2038,75944837.8752,,,,,
500,Canada_Imports,2040,75919482.60986376,,,,,
501,Canada_Imports,2042,75230287.9616,,,,,
502,Canada_Imports,2044,75230287.9616,,,,,
503,Canada_Imports,2046,75230287.9616,,,,,
504,Canada_Imports,2048,77745019.9616,,,,,
505,Canada_Imports,2050,77745019.9616,,,,,
506,Concentrated_solar_power,2014,3346119.599424,,,,,
507,Concentrated_solar_power,2016,3649459.9290239997,,,,,
508,Concentrated_solar_power,2018,3649459.9290239997,,,,,
509,Concentrated_solar_power,2020,3649459.9290239997,,,,,
510,Concentrated_solar_power,2022,3638262.3596497,,,,,
511,Concentrated_solar_power,2024,3319451.440673724,,,,,
512,Concentrated_solar_power,2026,3615515.784009111,,,,,
513,Concentrated_solar_power,2028,3649459.9290239997,,,,,
514,Concentrated_solar_power,2030,3649459.9290239997,,,,,
515,Concentrated_solar_power,2032,3507858.805666279,,,,,
516,Concentrated_solar_power,2034,3582658.213824,,,,,
517,Concentrated_solar_power,2036,3514771.893696,,,,,
518,Concentrated_solar_power,2038,3527564.515776,,,,,
519,Concentrated_solar_power,2040,8686054.36591476,,,,,
520,Concentrated_solar_power,2042,11738780.843093222,,,,,
521,Concentrated_solar_power,2044,8698422.36342391,,,,,
522,Concentrated_solar_power,2046,14238388.8848675,,,,,
523,Concentrated_solar_power,2048,22024476.540597428,,,,,
524,Concentrated_solar_power,2050,31321169.46872002,,,,,
525,Dispatchable_hydro,2010,133997838.95297703,,,,,
526,Dispatchable_hydro,2012,141722513.0335365,,,,,
527,Dispatchable_hydro,2014,136051173.20374793,,,,,
528,Dispatchable_hydro,2016,136415884.8558531,,,,,
529,Dispatchable_hydro,2018,147437639.810461,,,,,
530,Dispatchable_hydro,2020,148086140.89693433,,,,,
531,Dispatchable_hydro,2022,148497432.26676574,,,,,
532,Dispatchable_hydro,2024,149368498.80714962,,,,,
533,Dispatchable_hydro,2026,154994594.67388672,,,,,
534,Dispatchable_hydro,2028,156203238.94527215,,,,,
535,Dispatchable_hydro,2030,156485998.05824727,,,,,
536,Dispatchable_hydro,2032,155102907.36933288,,,,,
537,Dispatchable_hydro,2034,152756381.45545518,,,,,
538,Dispatchable_hydro,2036,145405897.4846692,,,,,
539,Dispatchable_hydro,2038,147070406.0628105,,,,,
540,Dispatchable_hydro,2040,149401661.9273819,,,,,
541,Dispatchable_hydro,2042,150188779.13918632,,,,,
542,Dispatchable_hydro,2044,154349589.60656077,,,,,
543,Dispatchable_hydro,2046,159828069.11262685,,,,,
544,Dispatchable_hydro,2048,160771070.18931106,,,,,
545,Dispatchable_hydro,2050,161234726.98275656,,,,,
546,Geothermal,2010,766387.153272,,,,,
547,Geothermal,2012,1269815.115192,,,,,
548,Geothermal,2014,1757529.5712000001,,,,,
549,Geothermal,2016,2129887.5312,,,,,
550,Geothermal,2018,2578951.23096,,,,,
551,Geothermal,2020,10352154.29447964,,,,,
552,Geothermal,2022,10538333.27447964,,,,,
553,Geothermal,2024,10538333.27447964,,,,,
554,Geothermal,2026,10538333.27447964,,,,,
555,Geothermal,2028,17316321.999026053,,,,,
556,Geothermal,2030,17316321.999026053,,,,,
557,Geothermal,2032,17307414.71849272,,,,,
558,Geothermal,2034,17305649.027506053,,,,,
559,Geothermal,2036,17277191.71785327,,,,,
560,Geothermal,2038,18928091.59698105,,,,,
561,Geothermal,2040,18452171.162125908,,,,,
562,Geothermal,2042,18025895.07618492,,,,,
563,Geothermal,2044,17547934.965337053,,,,,
564,Geothermal,2046,17249592.146055363,,,,,
565,Geothermal,2048,16938907.27531363,,,,,
566,Geothermal,2050,10951147.443174016,,,,,
567,Landfill_gas,2010,15624495.932851199,,,,,
568,Landfill_gas,2012,16692532.0755072,,,,,
569,Landfill_gas,2014,17176751.62848,,,,,
570,Landfill_gas,2016,17096832.601497598,,,,,
571,Landfill_gas,2018,16835989.4110208,,,,,
572,Landfill_gas,2020,15809085.245078752,,,,,
573,Landfill_gas,2022,16001246.967872,,,,,
574,Landfill_gas,2024,15809847.422616,,,,,
575,Landfill_gas,2026,15865232.85548,,,,,
576,Landfill_gas,2028,15351238.232617937,,,,,
577,Landfill_gas,2030,15111443.878070386,,,,,
578,Landfill_gas,2032,14768282.725260526,,,,,
579,Landfill_gas,2034,14728192.45662698,,,,,
580,Landfill_gas,2036,14418592.5973792,,,,,
581,Landfill_gas,2038,14631498.508764159,,,,,
582,Landfill_gas,2040,14946861.5574,,,,,
583,Landfill_gas,2042,14848530.685499601,,,,,
584,Landfill_gas,2044,14785255.086101333,,,,,
585,Landfill_gas,2046,14957679.871562667,,,,,
586,Landfill_gas,2048,15144563.686147338,,,,,
587,Landfill_gas,2050,15190317.565365333,,,,,
588,Nondispatchable_hydro,2010,132319442.19539091,,,,,
589,Nondispatchable_hydro,2012,134770838.1886702,,,,,
590,Nondispatchable_hydro,2014,127741716.4869211,,,,,
591,Nondispatchable_hydro,2016,134744697.3782208,,,,,
592,Nondispatchable_hydro,2018,144735579.3246701,,,,,
593,Nondispatchable_hydro,2020,140881447.5663824,,,,,
594,Nondispatchable_hydro,2022,141000958.4901344,,,,,
595,Nondispatchable_hydro,2024,141226007.3720864,,,,,
596,Nondispatchable_hydro,2026,145292179.4153024,,,,,
597,Nondispatchable_hydro,2028,146339249.16310015,,,,,
598,Nondispatchable_hydro,2030,146695078.40098315,,,,,
599,Nondispatchable_hydro,2032,146774708.18243995,,,,,
600,Nondispatchable_hydro,2034,146996380.16209304,,,,,
601,Nondispatchable_hydro,2036,147515408.29558825,,,,,
602,Nondispatchable_hydro,2038,148158382.23463574,,,,,
603,Nondispatchable_hydro,2040,148663145.77211568,,,,,
604,Nondispatchable_hydro,2042,149158417.09947756,,,,,
605,Nondispatchable_hydro,2044,149616994.20066026,,,,,
606,Nondispatchable_hydro,2046,150046608.12587366,,,,,
607,Nondispatchable_hydro,2048,150525638.48324305,,,,,
608,Nondispatchable_hydro,2050,150972826.84815323,,,,,
609,Nuclear,2010,834950295.4881299,,10.455,,,2.8283616254711946e-06
610,Nuclear,2012,834726678.6859757,,10.455,,,2.8283616254711946e-06
611,Nuclear,2014,801472143.1829172,,10.455,,,2.8283616254711946e-06
612,Nuclear,2016,805937107.6172544,,10.455,,,2.8283616254711946e-06
613,Nuclear,2018,801072201.029184,,10.455,,,2.8283616254711946e-06
614,Nuclear,2020,776131257.5516353,,10.455,,,2.8283616254711946e-06
615,Nuclear,2022,779981331.2571018,,10.455,,,2.8283616254711946e-06
616,Nuclear,2024,780388206.1743168,,10.455,,,2.8283616254711946e-06
617,Nuclear,2026,779668770.3547968,,10.455,,,2.8283616254711946e-06
618,Nuclear,2028,776918615.8267937,,10.455,,,2.8283616254711946e-06
619,Nuclear,2030,744589617.4153852,,10.455,,,2.8283616254711946e-06
620,Nuclear,2032,731863803.6785918,,10.455,,,2.8283616254711946e-06
621,Nuclear,2034,717738984.7136515,,10.455,,,2.8283616254711946e-06
622,Nuclear,2036,711951030.3122737,,10.455,,,2.8283616254711946e-06
623,Nuclear,2038,717903398.8474567,,10.455,,,2.8283616254711946e-06
624,Nuclear,2040,721497920.015949,,10.455,,,2.8283616254711946e-06
625,Nuclear,2042,716992412.7062441,,10.455,,,2.8283616254711946e-06
626,Nuclear,2044,711065642.4527206,,10.455,,,2.8283616254711946e-06
627,Nuclear,2046,707698861.1309112,,10.455,,,2.8283616254711946e-06
628,Nuclear,2048,705627516.7889905,,10.455,,,2.8283616254711946e-06
629,Nuclear,2050,676801104.0884407,,10.455,,,2.8283616254711946e-06
630,Offshore_wind,2016,104602.86934,,,,,
631,Offshore_wind,2018,104038.013845564,,,,,
632,Offshore_wind,2020,146246.2809132116,,,,,
633,Offshore_wind,2022,80580.68189538298,,,,,
634,Offshore_wind,2024,15062091.343518939,,,,,
635,Offshore_wind,2026,36533438.37564532,,,,,
636,Offshore_wind,2028,65258398.534069195,,,,,
637,Offshore_wind,2030,84463506.26045161,,,,,
638,Offshore_wind,2032,106772667.27500996,,,,,
639,Offshore_wind,2034,131020173.28583507,,,,,
640,Offshore_wind,2036,160528621.55449626,,,,,
641,Offshore_wind,2038,177012694.8513772,,,,,
642,Offshore_wind,2040,191831500.44201788,,,,,
643,Offshore_wind,2042,210439287.82691535,,,,,
644,Offshore_wind,2044,228784388.11901778,,,,,
645,Offshore_wind,2046,231826737.24935403,,,,,
646,Offshore_wind,2048,229422801.0055164,,,,,
647,Offshore_wind,2050,230986203.11876363,,,,,
648,Onshore_wind,2010,112854004.96160197,,,,,
649,Onshore_wind,2012,178255011.06478372,,,,,
650,Onshore_wind,2014,198489573.60943368,,,,,
651,Onshore_wind,2016,259008349.0231001,,,,,
652,Onshore_wind,2018,302545234.35886246,,,,,
653,Onshore_wind,2020,390208437.47808367,,,,,
654,Onshore_wind,2022,446489842.74920404,,,,,
655,Onshore_wind,2024,569268737.1600393,,,,,
656,Onshore_wind,2026,693134067.8852562,,,,,
657,Onshore_wind,2028,997580693.8238872,,,,,
658,Onshore_wind,2030,1162940681.8308735,,,,,
659,Onshore_wind,2032,1290383149.1828294,,,,,
660,Onshore_wind,2034,1456023206.3653748,,,,,
661,Onshore_wind,2036,1596174785.593965,,,,,
662,Onshore_wind,2038,1626181455.5125182,,,,,
663,Onshore_wind,2040,1749969056.7766273,,,,,
664,Onshore_wind,2042,1819955234.1456935,,,,,
665,Onshore_wind,2044,1913920345.9849393,,,,,
666,Onshore_wind,2046,1957049093.77718,,,,,
667,Onshore_wind,2048,2009735776.2571843,,,,,
668,Onshore_wind,2050,2034942713.8509119,,,,,
669,Pumped_hydro_storage,2010,20551440.59894249,,,,,
670,Pumped_hydro_storage,2012,15568075.221811654,,,,,
671,Pumped_hydro_storage,2014,15622271.511337431,,,,,
672,Pumped_hydro_storage,2016,15433229.968144936,,,,,
673,Pumped_hydro_storage,2018,14303791.629820244,,,,,
674,Pumped_hydro_storage,2020,17177077.780374024,,,,,
675,Pumped_hydro_storage,2022,12827793.951492364,,,,,
676,Pumped_hydro_storage,2024,17632451.24596278,,,,,
677,Pumped_hydro_storage,2026,21341525.54486556,,,,,
678,Pumped_hydro_storage,2028,24282437.35184226,,,,,
679,Pumped_hydro_storage,2030,28762841.671559,,,,,
680,Pumped_hydro_storage,2032,30754591.666644596,,,,,
681,Pumped_hydro_storage,2034,44531178.074936055,,,,,
682,Pumped_hydro_storage,2036,24676021.20317047,,,,,
683,Pumped_hydro_storage,2038,18258080.62174434,,,,,
684,Pumped_hydro_storage,2040,12046526.5427299,,,,,
685,Pumped_hydro_storage,2042,9736577.149394698,,,,,
686,Pumped_hydro_storage,2044,10241611.324166393,,,,,
687,Pumped_hydro_storage,2046,10623390.03131214,,,,,
688,Pumped_hydro_storage,2048,9533026.775334585,,,,,
689,Pumped_hydro_storage,2050,8212919.151290697,,,,,
690,Solar_PV,2010,2322543.52823236,,,,,
691,Solar_PV,2012,12349954.54554459,,,,,
692,Solar_PV,2014,33869436.03131879,,,,,
693,Solar_PV,2016,70963268.00414898,,,,,
694,Solar_PV,2018,105851868.27806246,,,,,
695,Solar_PV,2020,147797077.99521768,,,,,
696,Solar_PV,2022,243950161.07276556,,,,,
697,Solar_PV,2024,438024985.25161904,,,,,
698,Solar_PV,2026,565194129.9638953,,,,,
699,Solar_PV,2028,733190538.4373204,,,,,
700,Solar_PV,2030,984959228.1086936,,,,,
701,Solar_PV,2032,1169177010.441248,,,,,
702,Solar_PV,2034,1516245832.575501,,,,,
703,Solar_PV,2036,1613969119.5865226,,,,,
704,Solar_PV,2038,1633788200.3427887,,,,,
705,Solar_PV,2040,1675640752.050233,,,,,
706,Solar_PV,2042,1695815806.7569356,,,,,
707,Solar_PV,2044,1736748755.3545833,,,,,
708,Solar_PV,2046,1795759357.2303848,,,,,
709,Solar_PV,2048,1865593376.238498,,,,,
710,Solar_PV,2050,2043834872.430795,,,,,
